episode,episode_reward,frame,num_learned_skills,state_coveraged(out of 100 bucekts),step,total_time
0.0,0.0,0,0.0,6.25,0.0,0.004564046859741211
200.0,0.0,10000,0.0,4.5,10000.0,156.84694075584412
200.0,0.0,0,5.2541956132457e-05,15.2625,0.0,188.91198706626892
400.0,0.0,10000,5.636656901281101e-07,35.8625,10000.0,394.1104156970978
